finnish;english;russian;type;group
allekirjoitus, -kirjoituksen;signature;подпись;noun;Work & Study
anteeksi;sorry / excuse me;извини / простите;interjection;Communication
asua (1), asun + missä;to live (somewhere);жить;verb;Home
ei;no / not;не;particle;Grammar
ei se mitään;no problem;ничего страшного;phrase;Communication
englanti, englannin;English (language);английский язык;noun;Communication
Englanti, Englannin;England;Англия;proper noun;Places
entä;what about;а как насчёт;conjunction;Communication
että;that;что;conjunction;Grammar
etunimi, -nimen;first name;имя;noun;People
hauska, -n;funny / nice;весёлый, приятный;adjective;Feelings & Opinions
he, heidän;they / their;они / их;pronoun;Grammar
hei;hi;привет;interjection;Communication
henkilötiedot, -tietojen;personal data;персональные данные;noun (plural);Work & Study
henkilötunnus, -tunnuksen;personal ID number;личный код;noun;Work & Study
häiritä (5), häiritsen;to disturb;мешать;verb;Communication
hän, hänen;he / she;он / она;pronoun;Grammar
ikä, iän;age;возраст;noun;People
ja;and;и;conjunction;Grammar
joku, jonkun;someone;кто-то;pronoun;Grammar
Kanada, -n;Canada;Канада;proper noun;Places
kansalaisuus, kansalaisuuden;citizenship;гражданство;noun;People
kaupunki, kaupungin;city;город;noun;Places
kieli, kielen;language;язык;noun;Communication
kiitos, kiitoksen;thanks;спасибо;noun/interjection;Communication
kirjoittaa (1), kirjoitan;to write;писать;verb;Communication
koti, kodin;home;дом;noun;Home
kuinka;how;как;question word;Grammar
kuka, kenen;who / whose;кто / чей;question word;Grammar
kysymys, kysymyksen;question;вопрос;noun;Communication
maa, -n;country / land;страна / земля;noun;Places
me, meidän;we / our;мы / наш;pronoun;Grammar
mies, miehen;man;мужчина;noun;People
mikä, minkä;what;что;question word;Grammar
minkä ikäinen;how old;какого возраста;question phrase;People
minkä maalainen;from which country;какой национальности;question phrase;People
minä, minun;I / my;я / мой;pronoun;Grammar
missä;where;где;question word;Grammar
miten;how;как;question word;Grammar
naapuri, -n;neighbor;сосед;noun;People
naimaton, naimattoman;single;неженатый / незамужняя;adjective;Family & Relationships
nainen, naisen;woman;женщина;noun;People
nimi, nimen;name;имя;noun;People
numero, -n;number;номер;noun;Basics
nähdä (2), näen;to see;видеть;verb;Body
ole hyvä;you’re welcome / please;пожалуйста;phrase;Communication
olla (3), olen;to be;быть;verb;Basics
ongelma, -n;problem;проблема;noun;Basics
opettaja, -n;teacher;учитель;noun;Work & Study
opiskella (3), opiskelen;to study;учиться;verb;Work & Study
osoite, osoitteen;address;адрес;noun;Work & Study
postinumero, -n;postal code;почтовый индекс;noun;Work & Study
postitoimipaikka, -paikan;post office area;почтовый город;noun;Work & Study
puhelin, puhelimen;phone;телефон;noun;Media & Technology
puhelinnumero, -n;phone number;номер телефона;noun;Work & Study
puhua (1), puhun;to speak;говорить;verb;Communication
raha, -n;money;деньги;noun;Shopping & Services
Ranska, -n;France;Франция;proper noun;Places
sanoa (1), sanon;to say;сказать;verb;Communication
se, -n;it / that;он, она, это;pronoun;Grammar
sinä, sinun;you / your;ты / твой;pronoun;Grammar
siviilisääty, -säädyn;marital status;семейное положение;noun;Work & Study
sukunimi, -nimen;last name;фамилия;noun;People
sukupuoli, -puolen;gender;пол;noun;People
suomalainen, suomalaisen;Finnish (person);финн;noun/adjective;People
suomi, suomen;Finnish (language);финский язык;noun;Communication
Suomi, Suomen;Finland;Финляндия;proper noun;Places
syntymäaika, -ajan;date of birth;дата рождения;noun;Work & Study
sähköposti, -n;email;электронная почта;noun;Media & Technology
sähköpostiosoite, -osoitteen;email address;адрес эл. почты;noun;Work & Study
talo, -n;house;дом;noun;Home
te, teidän;you (plural);вы;pronoun;Grammar
tervetuloa;welcome;добро пожаловать;interjection;Communication
tutustua (1), tutustun;to get acquainted;познакомиться;verb;Family & Relationships
täydentää (1), täydennän;to complete / fill in;дополнять;verb;Work & Study
uusi, uuden;new;новый;adjective;Basics
vaimo, -n;wife;жена;noun;Family & Relationships
vain;only;только;adverb;Basics
vanha, -n;old;старый;adjective;Basics
Venäjä, -n;Russia;Россия;proper noun;Places
venäläinen, venäläisen;Russian;русский;noun/adjective;People
vuosi, vuoden;year;год;noun;Time
vähän;a little;немного;adverb;Basics
Yhdysvallat, Yhdysvaltojen;United States;США;proper noun (plural);Places
ymmärtää (1), ymmärrän;to understand;понимать;verb;Actions & Movement
äidinkieli, -kielen;mother tongue;родной язык;noun;Communication
ajattella (3), ajattelen;to think;думать;verb;Actions & Movement
alkaa (1), alan;to begin;начинать;verb;Actions & Movement
ammatti, ammatin;profession;профессия;noun;Work & Study
anoppi, anopin;mother-in-law;тёща / свекровь;noun;Family & Relationships
appi, apen;father-in-law;тесть / свёкор;noun;Family & Relationships
asiakas, asiakkaan;customer;клиент;noun;Shopping & Services
auto, -n;car;машина;noun;Transport
avioliitto, -liiton;marriage;брак;noun;Family & Relationships
avovaimo, -n;common-law wife;гражданская жена;noun;Family & Relationships
ei mitään;nothing;ничего;phrase (pronoun/quantifier);Basics
eronnut, eronneen;divorced;разведённый;adjective/participle;Family & Relationships
euro, -n;euro;евро;noun;Shopping & Services
haluta (4), haluan;to want;хотеть;verb;Basics
hampurilainen, hampurilaisen;hamburger;гамбургер;noun;Food & Drink
hinnasto, -n;price list;прайс-лист;noun;Shopping & Services
hinta, hinnan;price;цена;noun;Shopping & Services
huomenta;good morning;доброе утро;greeting;Basics
hyvä, -n;good;хороший;adjective;Feelings & Opinions
iloinen, iloisen;happy;радостный;adjective;Feelings & Opinions
insinööri, -n;engineer;инженер;noun;Work & Study
iso, -n;big;большой;adjective;Basics
isoisä, -n;grandfather;дедушка;noun;Family & Relationships
isoäiti, -äidin;grandmother;бабушка;noun;Family & Relationships
isä, -n;father;отец;noun;Family & Relationships
itse;self;сам;pronoun;Basics
kahvi, -n;coffee;кофе;noun;Food & Drink
kahvila, -n;café;кафе;noun;Food & Drink
kakku, kakun;cake;торт;noun;Food & Drink
kampaaja, -n;hairdresser;парикмахер;noun;Shopping & Services
katsoa (1), katson;to look/watch;смотреть;verb;Actions & Movement
keksiä, keksin;to invent;придумывать;verb;Actions & Movement
kello, -n;clock / time;часы;noun;Time
kenen;whose;чей;question word;Grammar
kirja, -n;book;книга;noun;Work & Study
kissa, -n;cat;кошка;noun;Nature
kiva, -n;nice;милый, приятный;adjective;Feelings & Opinions
koira, -n;dog;собака;noun;Nature
kokki, kokin;cook;повар;noun;Work & Study
korvapuusti, -n;cinnamon bun;булочка с корицей;noun;Food & Drink
kotona;at home;дома;adverb;Home
koulu, -n;school;школа;noun;Work & Study
kuinka monta;how many;сколько;question phrase;Grammar
kumppani, -n;partner;партнёр;noun;Family & Relationships
kuukausi, kuukauden;month;месяц;noun;Time
kuva, -n;picture;картинка;noun;Media & Technology
laborantti, laborantin;lab assistant;лаборант;noun;Work & Study
lapsi, lapsen;child;ребёнок;noun;Family & Relationships
lemmikki, lemmikin;pet;домашнее животное;noun;Nature
lääkäri, -n;doctor;врач;noun;Health
maksaa (1), maksan;to pay / cost;платить, стоить;verb;Shopping & Services
mennä (3), menen;to go;идти;verb;Actions & Movement
mielenkiintoinen, mielenkiintoisen;interesting;интересный;adjective;Feelings & Opinions
miksi;why;почему;question word;Grammar
millainen;what kind;какой;question word;Grammar
milloin;when;когда;question word;Grammar
minkälainen, minkälaisen;what kind;какой;question word;Grammar
mitä;what;что;question word;Grammar
muistaa (1), muistan;to remember;помнить;verb;Actions & Movement
mukava, -n;pleasant;приятный;adjective;Feelings & Opinions
musiikinopettaja, -n;music teacher;учитель музыки;noun;Work & Study
muu, -n;other;другой;adjective/pronoun;Basics
myös;also;тоже;adverb;Basics
naimisissa;married;женат / замужем;adverb/adjective (predicative);Family & Relationships
noin;about;примерно;adverb;Basics
nyt;now;сейчас;adverb;Time
odottaa (1), odotan;to wait;ждать;verb;Actions & Movement
oikea, -n;right / correct;правый / правильный;adjective;Basics
oikealla;on the right;справа;adverb;Basics
olla (3) kotoisin, olen kotoisin;to be from;быть родом;verb phrase;People
olut, oluen;beer;пиво;noun;Food & Drink
oma, -n;own;собственный;adjective/pronoun;Basics
ostaa (1), ostan;to buy;покупать;verb;Shopping & Services
pala, -n;piece;кусок;noun;Basics
paljon;much / many;много;adverb/quantifier;Basics
paras, parhaan;best;лучший;adjective (superlative);Feelings & Opinions
perhe, perheen;family;семья;noun;Family & Relationships
perheenjäsen, -jäsenen;family member;член семьи;noun;Family & Relationships
pieni, pienen;small;маленький;adjective;Basics
poika, pojan;boy / son;мальчик / сын;noun;Family & Relationships
sairaanhoitaja, -n;nurse;медсестра;noun;Health
sama, -n;same;тот же;adjective/pronoun;Basics
sentti, sentin;cent;цент;noun;Shopping & Services
sinkku, sinkun;single;холостой;noun;Family & Relationships
sisko, -n;sister;сестра;noun;Family & Relationships
suklaa, -n;chocolate;шоколад;noun;Food & Drink
sukulainen, sukulaisen;relative;родственник;noun;Family & Relationships
taas;again;снова;adverb;Basics
takaisin;back;обратно;adverb;Actions & Movement
talo, -n;house;дом;noun;Home
tee, -n;tea;чай;noun;Food & Drink
tehdä (2), teen;to do / make;делать;verb;Actions & Movement
tietää (1), tiedän;to know;знать;verb;Actions & Movement
toimittaja, -n;journalist;журналист;noun;Work & Study
tyttö, tytön;girl;девочка;noun;Family & Relationships
tyttöystävä, -n;girlfriend;девушка;noun;Family & Relationships
työ, -n;work;работа;noun;Work & Study
tänään;today;сегодня;adverb;Time
täällä;here;здесь;adverb;Basics
töissä;at work;на работе;adverb;Work & Study
valokuva, -n;photograph;фотография;noun;Media & Technology
vanhemmat;parents;родители;noun (plural);Family & Relationships
vasemmalla;on the left;слева;adverb;Basics
vasen, vasemman;left;левый;adjective/noun;Basics
vastata (4), vastaan;to answer;отвечать;verb;Actions & Movement
vauva, -n;baby;младенец;noun;Family & Relationships
veli, veljen;brother;брат;noun;Family & Relationships
vesi, veden;water;вода;noun;Food & Drink
vuoro, -n;shift / turn;смена;noun;Work & Study
yhdessä;together;вместе;adverb;Basics
yksin;alone;один;adverb;Basics
yksinhuoltaja, -n;single parent;родитель-одиночка;noun;Family & Relationships
yläkerta, -kerran;upper floor;верхний этаж;noun;Home
yrittäjä, -n;entrepreneur;предприниматель;noun;Work & Study
ystävä, -n;friend;друг;noun;People
äiti, äidin;mother;мать;noun;Family & Relationships
mä = minä;I;я;pronoun (personal);Grammar
sä = sinä;you;ты;pronoun (personal);Grammar
se = hän;he / she;он / она;pronoun (personal);Grammar
ne = he;they;они;pronoun (personal);Grammar
oon = olen;am;есть;verb (copula, colloquial);Grammar
mun = minun;my;мой;pronoun (possessive, colloquial);Grammar
sun = sinun;your;твой;pronoun (possessive, colloquial);Grammar
sen = hänen;his / her;его / её;pronoun (possessive);Grammar
niiden = heidän;their;их;pronoun (possessive);Grammar
ollaan = olemme;we are;мы;verb (copula, colloquial);Grammar
sinkku = naimaton;single;холостой;adjective/noun (colloquial);Family & Relationships
kiitti = kiitos;thanks;спасибо;interjection (colloquial);Basics
aamu, -n;morning;утро;noun;Time
aamupala, -n;breakfast;завтрак;noun;Food & Drink
aikaisin;early;рано;adverb;Time
aikuinen, aikuisen;adult;взрослый;noun;People
apu, avun;help;помощь;noun;Basics
arkipäivä, -n;weekday;будний день;noun;Time
asia, -n;thing / matter;вещь, дело;noun;Basics
auki;open;открыто;adverb/adjective (predicative);Shopping & Services
aukioloajat, -aikojen;opening hours;часы работы;noun (plural);Shopping & Services
avata (4), avaan;to open;открывать;verb;Actions & Movement
banaani, -n;banana;банан;noun;Food & Drink
bussi, -n;bus;автобус;noun;Transport
ensin;first;сначала;adverb;Time
henkilö, -n;person;человек;noun;People
herätä (4), herään;to wake up;просыпаться;verb;Actions & Movement
hetkinen, hetkisen;moment;секундочку;interjection/noun;Basics
hoitaa (1), hoidan;to take care of;заботиться;verb;Actions & Movement
hyvin;well;хорошо;adverb;Feelings & Opinions
ihminen, ihmisen;human;человек;noun;People
ilta, illan;evening;вечер;noun;Time
istua (1), istun;to sit;сидеть;verb;Actions & Movement
jugurtti, jugurtin;yogurt;йогурт;noun;Food & Drink
juoda (2), juon;to drink;пить;verb;Actions & Movement
jutella (3), juttelen;to chat;болтать;verb;Actions & Movement
jääkiekko, -kiekon;ice hockey;хоккей;noun;Leisure
kampaamo, -n;hair salon;парикмахерская;noun;Shopping & Services
kanssa;with;с;postposition;Grammar
kauppa, kaupan;shop;магазин;noun;Shopping & Services
kaveri, -n;friend;друг;noun;People
keittiö, -n;kitchen;кухня;noun;Home
keittää (1), keitän;to boil;варить;verb;Actions & Movement
keskustelu, -n;discussion;разговор;noun;People
kesä, -n;summer;лето;noun;Time
kielletty, kielletyn;forbidden;запрещённый;adjective/participle;Basics
kiinni;closed;закрыто;adverb/adjective (predicative);Shopping & Services
kiire, kiireen;hurry;спешка;noun;Basics
kioski, -n;kiosk;киоск;noun;Shopping & Services
kirjasto, -n;library;библиотека;noun;Work & Study
koska;because / when;потому что / когда;conjunction;Grammar
koululainen, koululaisen;schoolchild;школьник;noun;People
kuin;than / like;чем / как;conjunction;Grammar
kuollut, kuolleen;dead;мёртвый;adjective/participle;Health
kyltti, kyltin;sign;знак;noun;Media & Technology
kysyä (1), kysyn;to ask;спрашивать;verb;Actions & Movement
käydä (2), käyn + missä;to go (visit);ходить;verb;Actions & Movement
lakimies, -miehen;lawyer;юрист;noun;Work & Study
lastentarhanopettaja, -n;kindergarten teacher;воспитатель;noun;Work & Study
laulaa (1), laulan;to sing;петь;verb;Actions & Movement
lehti, lehden;newspaper;газета;noun;Media & Technology
leikata (1), leikin;to cut;резать;verb;Actions & Movement
leipoa (1), leivon;to bake;печь;verb;Actions & Movement
leipä, leivän;bread;хлеб;noun;Food & Drink
loppu, lopun;end;конец;noun;Time
lounas, lounaan;lunch;обед;noun;Food & Drink
lukea (1), luen;to read;читать;verb;Actions & Movement
lähteä (1), lähden;to leave;уходить;verb;Actions & Movement
maito, maidon;milk;молоко;noun;Food & Drink
makaronilaatikko, -laatikon;macaroni casserole;макаронная запеканка;noun;Food & Drink
matematiikka, matematiikan;mathematics;математика;noun;Work & Study
meikata (4), meikkaan;to put on makeup;краситься;verb;Actions & Movement
musiikki, musiikin;music;музыка;noun;Leisure
mutta;but;но;conjunction;Grammar
myöhään;late;поздно;adverb;Time
nauraa (1), nauran;to laugh;смеяться;verb;Actions & Movement
nousta (3), nousen;to get up;вставать;verb;Actions & Movement
nukkua (1), nukun;to sleep;спать;verb;Actions & Movement
opiskelija, -n;student;студент;noun;Work & Study
ottaa (1), otan;to take;брать;verb;Actions & Movement
ovi, oven;door;дверь;noun;Home
paikoitushalli, -n;parking garage;парковка;noun;Transport
palvella (3), palvelen;to serve;обслуживать;verb;Actions & Movement
pari, -n;couple / pair;пара;noun;People
parkkihalli, -n;parking garage;паркинг;noun;Transport
kylmä, -n;cold;холодный;adjective;Basics
kysyä (1), kysyn;to ask;спрашивать;verb;Actions & Movement
kävellä (3), kävelen;to walk;ходить;verb;Actions & Movement
käyttää (1), käytän;to use;использовать;verb;Actions & Movement
laittaa (1), laitan;to put;класть;verb;Actions & Movement
laktoosi, -n;lactose;лактоза;noun;Food & Drink
leipä, leivän;bread;хлеб;noun;Food & Drink
liha, -n;meat;мясо;noun;Food & Drink
litra, -n;liter;литр;noun;Shopping & Services
lohi, lohen;salmon;лосось;noun;Food & Drink
lopuksi;finally;в конце;adverb;Time
lyhenne, lyhenteen;abbreviation;сокращение;noun;Media & Technology
G + lähellä;near;рядом;postposition;Grammar
lämmin, lämpimän;warm;тёплый;adjective;Basics
makea, -n;sweet;сладкий;adjective;Food & Drink
makkara, -n;sausage;колбаса;noun;Food & Drink
mauste, mausteen;spice;специя;noun;Food & Drink
mehu, -n;juice;сок;noun;Food & Drink
minkä hintainen?;how much does it cost?;какая цена?;question phrase;Grammar
muovi, -n;plastic;пластик;noun;Media & Technology
muovikassi, -n;plastic bag;пластиковый пакет;noun;Shopping & Services
muuttua (1), muutun;to change;меняться;verb;Actions & Movement
myyjä, -n;seller;продавец;noun;People
nauta, naudan;beef;говядина;noun;Food & Drink
omena, -n;apple;яблоко;noun;Food & Drink
ostos, ostoksen;purchase;покупка;noun;Shopping & Services
ostoskori;shopping basket;корзина;noun;Shopping & Services
painaa (1), painan;to weigh / press;весить / нажимать;verb;Actions & Movement
paisti, -n;roast;жаркое;noun;Food & Drink
pakaste, pakasteen;frozen food;замороженный продукт;noun;Food & Drink
pakata (4), pakkaan;to pack;упаковывать;verb;Actions & Movement
paketti, paketin;package;упаковка;noun;Media & Technology
pakkaus, pakkauksen;packaging;упаковка;noun;Media & Technology
pantti, pantin;deposit;залог;noun;Shopping & Services
paprika, -n;bell pepper;болгарский перец;noun;Food & Drink
patukka, patukan;bar;батончик;noun;Food & Drink
perinteinen, perinteisen;traditional;традиционный;adjective;Basics
peruna, -n;potato;картофель;noun;Food & Drink
pippuri, -n;pepper;перец;noun;Food & Drink
pitkä, -n;long;длинный;adjective;Basics
porkkana, -n;carrot;морковь;noun;Food & Drink
pussi, -n;bag;пакет;noun;Shopping & Services
rasia, -n;box;коробка;noun;Media & Technology
rasvaton, rasvattoman;fat-free;обезжиренный;adjective;Food & Drink
riisi, -n;rice;рис;noun;Food & Drink
rulla, -n;roll;рулон;noun;Media & Technology
saada (2), saan;to get;получать;verb;Actions & Movement
salaatti, salaatin;salad;салат;noun;Food & Drink
sauna, -n;sauna;сауна;noun;Leisure
sika;pork;свинина;noun;Food & Drink
sipuli, -n;onion;лук;noun;Food & Drink
sokeri, -n;sugar;сахар;noun;Food & Drink
suola, -n;salt;соль;noun;Food & Drink
suolainen, suolaisen;salty;солёный;adjective;Food & Drink
sämpylä, -n;bread roll;булочка;noun;Food & Drink
tilli, -n;dill;укроп;noun;Food & Drink
tiski, -n;counter;прилавок;noun;Shopping & Services
tomaatti, tomaatin;tomato;помидор;noun;Food & Drink
tonnikala, -n;tuna;тунец;noun;Food & Drink
tumma, -n;dark;тёмный;adjective;Basics
tuo, -n;that;тот;pronoun;Grammar
tuore, tuoreen;fresh;свежий;adjective;Food & Drink
tuoremehu, -n;fresh juice;свежевыжатый сок;noun;Food & Drink
vaalea, -n;light;светлый;adjective;Basics
valkosipuli, -n;garlic;чеснок;noun;Food & Drink
vielä;still;ещё;adverb;Time
vihannes, vihanneksen;vegetable;овощ;noun;Food & Drink
voi, -n;butter;масло;noun;Food & Drink
vuoronumero, -n;queue number;номер очереди;noun;Shopping & Services
limu, -n;soda;газировка;noun;Food & Drink
tää, tän = tämä;this;этот;pronoun (colloquial);Grammar
toi, ton = tuo;that;тот;pronoun (colloquial);Grammar
aihe, aiheen;topic;тема;noun;Basics
alakerta, -kerran;ground floor;нижний этаж;noun;Home
Alko, -n;state liquor store;государственный магазин алкоголя;proper noun;Shopping & Services
antaa (1), annan;to give;давать;verb;Actions & Movement
apteekki, apteekin;pharmacy;аптека;noun;Shopping & Services
asunto, asunnon;apartment;квартира;noun;Home
auttaa (1), autan + P;to help;помогать;verb;Actions & Movement
avain, avaimet;key;ключ;noun;Home
baari, -n;bar;бар;noun;Leisure
elokuva, -n;movie;фильм;noun;Leisure
erilainen, erilaisen;different;разный;adjective;Basics
eteinen, eteisen;hallway;прихожая;noun;Home
farkut, farkkujen;jeans;джинсы;noun (plural);Media & Technology
haarukka, haarukan;fork;вилка;noun;Home
hiukset;hair;волосы;noun (plural);People
huone, huoneen;room;комната;noun;Home
huonekalu, -n;furniture;мебель;noun;Home
ikävä, -n;boring / miss;скучный / тосковать;adjective/verb;Feelings & Opinions
joskus;sometimes;иногда;adverb;Time
juna, -n;train;поезд;noun;Transport
juna-asema, -n;train station;железнодорожная станция;noun;Transport
järvi, järven;lake;озеро;noun;Media & Technology
kaksio, -n;two-room apartment;двухкомнатная квартира;noun;Home
kaukana + mistä;far (from);далеко (от);adverb + postposition;Grammar
kaunis, kauniin;beautiful;красивый;adjective;Feelings & Opinions
kaupunginosa, -n;city district;район города;noun;People
keittiö, -n;kitchen;кухня;noun;Home
keittokomero, -n;kitchenette;кухонный уголок;noun;Home
kellari, -n;basement;подвал;noun;Home
kenkä, kengän;shoe;обувь;noun;Media & Technology
kerros, kerroksen;floor (storey);этаж;noun;Home
keskusta, -n;city center;центр;noun;People
kestää (1), kestän;to last;длиться;verb;Time
kiitos + sta;thanks for;спасибо за;phrase;Basics
kolmio, -n;three-room apartment;трёхкомнатная квартира;noun;Home
korjata (4), korjaan;to repair;чинить;verb;Actions & Movement
kukka, kukan;flower;цветок;noun;Media & Technology
kuppi, kupin;cup;чашка;noun;Home
kutsua (1), kutsun;to invite;приглашать;verb;Actions & Movement
kuuma, -n;hot;горячий;adjective;Basics
kuunnella (3), kuuntelen + P;to listen;слушать;verb;Actions & Movement
kylpyhuone, -huoneen;bathroom;ванная комната;noun;Home
lattia, -n;floor;пол;noun;Home
laukku, laukun;bag;сумка;noun;Media & Technology
loma, -n;vacation;отпуск;noun;Time
lusikka, lusikan;spoon;ложка;noun;Home
lyhyt, lyhyen;short;короткий;adjective;Basics
lähettää (1), lähetän;to send;отправлять;verb;Actions & Movement
lääke, lääkkeen;medicine;лекарство;noun;Health
mainos, mainoksen;advertisement;реклама;noun;Media & Technology
makuuhuone, -huoneen;bedroom;спальня;noun;Home
matka, -n;trip;поездка;noun;Transport
metsä, -n;forest;лес;noun;Media & Technology
mummo, -n;grandma;бабушка;noun;Family & Relationships
myydä (2), myyn;to sell;продавать;verb;Shopping & Services
myöhässä;late;опаздывать;adverb;Time
neliömetri, -n;square meter;квадратный метр;noun;Home
nähdä (1), näen;to see;видеть;verb;Actions & Movement
olohuone, -huoneen;living room;гостиная;noun;Home
omakotitalo, -n;detached house;частный дом;noun;Home
paikka, paikan;place;место;noun;Basics
palvelut;services;услуги;noun (plural);Shopping & Services
paperi, -n;paper;бумага;noun;Media & Technology
parveke, parvekkeen;balcony;балкон;noun;Home
pesukone, -koneen;washing machine;стиральная машина;noun;Home
piha, -n;yard;двор;noun;Home
puoli, puolen;half;половина;noun;Basics
pysäkki, pysäkin;stop;остановка;noun;Transport
pyörä, -n;bicycle;велосипед;noun;Transport
radio, -n;radio;радио;noun;Media & Technology
rikki;broken;сломанный;adjective (predicative);Basics
rivitalo, -n;terraced house;таунхаус;noun;Home
ruma, -n;ugly;некрасивый;adjective;Feelings & Opinions
seinä, -n;wall;стена;noun;Home
siisti, -n;tidy / nice;аккуратный;adjective;Feelings & Opinions
silmälasit;glasses;очки;noun (plural);Media & Technology
suuri, suuren;big;большой;adjective;Basics
sähkö, -n;electricity;электричество;noun;Media & Technology
taivas, taivaan;sky;небо;noun;Media & Technology
taulu, -n;painting / board;картина;noun;Media & Technology
terveiset;greetings;привет;noun (plural);Basics
tie, -n;road;дорога;noun;Transport
tori, -n;market square;рынок;noun;Shopping & Services
tyhjä, -n;empty;пустой;adjective;Basics
tykätä (4), tykkään + mistä;to like;нравиться;verb;Feelings & Opinions
tyyny, -n;pillow;подушка;noun;Home
työkaveri, -n;colleague;коллега;noun;Work & Study
tämä, -n;this;этот;pronoun;Grammar
uida (2), uin;to swim;плавать;verb;Actions & Movement
usein;often;часто;adverb;Time
vaate, vaatteen;clothing;одежда;noun;Media & Technology
vaihtaa (1), vaihdan;to change;менять;verb;Actions & Movement
vastaanottaa (1), -otan;to receive;получать;verb;Actions & Movement
veitsi, veitsen;knife;нож;noun;Home
verho, -n;curtain;занавеска;noun;Home
vieressä;next to;рядом;adverb;Grammar
viikko, viikon;week;неделя;noun;Time
vuokra, -n;rent;аренда;noun;Shopping & Services
vuokrata (4), vuokraan;to rent;арендовать;verb;Shopping & Services
väri, -n;color;цвет;noun;Media & Technology
värikäs, värikkään;colorful;цветной;adjective;Feelings & Opinions
väärä;wrong;неправильный;adjective;Basics
yksinkertainen, -kertaisen;simple;простой;adjective;Basics
yksiö, -n;studio apartment;однокомнатная квартира;noun;Home
ALE, -n;sale;распродажа;noun;Shopping & Services
kaveri, -n;friend;друг;noun;People
kirppari / kirppis;flea market;барахолка;noun;Shopping & Services
läppäri, -n;laptop;ноутбук;noun;Media & Technology
mulla = minulla;I have;у меня;verb phrase (colloquial);Grammar
netti, netin;internet;интернет;noun;Media & Technology
niillä = heillä;they have;у них;verb phrase (colloquial);Grammar
olkkari, -n;living room;гостиная;noun (colloquial);Home
ostari, -n;shopping center;торговый центр;noun (colloquial);Shopping & Services
sillä = hänellä;he/she has;у него / неё;verb phrase (colloquial);Grammar
sulla = sinulla;you have;у тебя;verb phrase (colloquial);Grammar
aikataulu, -n;schedule;расписание;noun;Time
alennus, alennuksen;discount;скидка;noun;Shopping & Services
asema, -n;station;станция;noun;Transport
automaatti, automaatin;machine / ATM;автомат, банкомат;noun;Shopping & Services
bensa, -n;gasoline;бензин;noun;Transport
bändi, -n;band;музыкальная группа;noun;Leisure
edullinen, edullisen;inexpensive;недорогой;adjective;Shopping & Services
eläkeläinen, eläkeläisen;pensioner;пенсионер;noun;People
etelä, -n;south;юг;noun;Basics
hangata (4), hankaan;to rub;тереть;verb;Actions & Movement
harjoitella (3), harjoittelen + P;to practice;тренироваться;verb;Actions & Movement
harvoin;rarely;редко;adverb;Time
helppo, helpon;easy;лёгкий;adjective;Basics
hidas, hitaan;slow;медленный;adjective;Basics
hurja, -n;wild / great;ужасный, классный;adjective;Feelings & Opinions
ilmoittaa (1), ilmoitan;to inform;сообщать;verb;Communication
iltapäivä, -n;afternoon;послеобеденное время;noun;Time
itä, idän;east;восток;noun;Basics
joki, joen;river;река;noun;Nature
joulupukki, -pukin;Santa Claus;Дед Мороз;noun;People
jumppa, jumpan;exercise;гимнастика;noun;Leisure
juna, -n;train;поезд;noun;Transport
junalippu, -lipun;train ticket;билет на поезд;noun;Transport
järjestää (1), järjestän;to arrange;организовывать;verb;Actions & Movement
jäädä (2), jään pois + mistä;to stay / miss;оставаться, пропускать;verb;Actions & Movement
kalenteri, -n;calendar;календарь;noun;Time
kartta, kartan;map;карта;noun;Media & Technology
kaus(i);season;сезон;noun;Time
G + keskellä;in the middle of;посреди;postposition/phrase;Grammar
kiinnostaa (1), minua kiinnostaa;to interest;интересовать;verb;Feelings & Opinions
kokoinen, kokoisen;sized;размером;adjective;Basics
konduktööri, -n;conductor;проводник;noun;People
koski, kosken;rapids;пороги;noun;Nature
kulkea (1), kuljen;to go / travel;идти, передвигаться;verb;Actions & Movement
kulkuneuvo, -n;vehicle;транспорт;noun;Transport
kurssi, -n;course;курс;noun;Work & Study
kylään;to visit;в гости;adverb;Actions & Movement
kyyti, kyydin;ride;поездка;noun;Transport
käytetty, käytetyn;used;использованный;adjective;Shopping & Services
laiva, -n;ship;корабль;noun;Transport
lentokenttä, -kentän;airport;аэропорт;noun;Transport
lentokone, -koneen;airplane;самолёт;noun;Transport
lentää (1), lennän;to fly;летать;verb;Actions & Movement
linna, -n;castle;замок;noun;Places
lippu, lipun;ticket;билет;noun;Transport
lipunmyynti, -myynnin;ticket sales;продажа билетов;noun;Shopping & Services
lähtö, lähdön;departure;отправление;noun;Transport
länsi, lännen;west;запад;noun;Basics
matkakortti, -kortin;travel card;проездной;noun;Transport
matkalaukku, -laukun;suitcase;чемодан;noun;Media & Technology
matkustaja, -n;passenger;пассажир;noun;People
meno, -n;going;отправление;noun;Transport
menopaluu, -n;round trip;туда-обратно;noun;Transport
meri, meren;sea;море;noun;Nature
mäki, mäen;hill;холм;noun;Nature
palata (4), palaan;to return;возвращаться;verb;Actions & Movement
paluu, -n;return;возвращение;noun;Actions & Movement
palvelutalo, -n;service housing;дом с обслуживанием;noun;Home
panna (3), panen;to put;класть;verb;Actions & Movement
passi, -n;passport;паспорт;noun;Work & Study
pelätä (4), pelkään + P;to fear;бояться;verb;Feelings & Opinions
perillä;arrived;на месте;adverb;Actions & Movement
pohjoinen, pohjoisen;north;север;noun;Basics
puisto, -n;park;парк;noun;Places
pukuhuone, -huoneen;changing room;раздевалка;noun;Places
puuttua (1);to be missing;не хватать;verb;Basics
pyytää (1), pyydän;to ask;просить;verb;Communication
pääkaupunki, -kaupungin;capital city;столица;noun;Places
päästä (3), pääsen;to get (to);добраться;verb;Actions & Movement
raide, raiteen;rail;рельс;noun;Transport
raja, -n;border;граница;noun;Places
rakennusmies, -miehen;construction worker;строитель;noun;Work & Study
rakentaa (1), rakennan;to build;строить;verb;Actions & Movement
ranta, rannan;beach;берег;noun;Nature
rautatieasema, -n;railway station;железнодорожный вокзал;noun;Transport
ravintolavaunu, -n;dining car;вагон-ресторан;noun;Transport
reppu, repun;backpack;рюкзак;noun;Media & Technology
saapua (1), saavun;to arrive;прибывать;verb;Actions & Movement
sadetakki, -takin;raincoat;плащ;noun;Basics
sanakirja, -n;dictionary;словарь;noun;Work & Study
seura, -n;company;компания;noun;People
tanssia (1), tanssin;to dance;танцевать;verb;Leisure
tavallisesti;usually;обычно;adverb;Time
tieto, tiedon;information;информация;noun;Communication
toimia (1), toimin;to function;работать;verb;Actions & Movement
torni, -n;tower;башня;noun;Places
tulla (3), tulen vastaan;to come to meet;выходить навстречу;verb phrase;Actions & Movement
täytyä (1), minun täytyy;must;быть должным;modal verb;Grammar
uimahalli, -n;swimming hall;бассейн;noun;Places
valmis, valmiin;ready;готовый;adjective;Basics
verrata (4), vertaan;to compare;сравнивать;verb;Actions & Movement
festarit;festivals;фестивали;noun (plural);Leisure
heittää (1), heitän;to give (a ride);подбросить на машине;verb;Transport
keikkatyö, -n;gig work;нерегулярная работа;noun;Work & Study
nätti, nätin;pretty;симпатичный;adjective;Feelings & Opinions
ratikka, ratikan;tram;трамвай;noun;Transport
shoppailla (3), shoppailen;to shop;ходить по магазинам;verb;Shopping & Services
synttärit;birthday;день рождения;noun (plural);People
aiheuttaa (1), aiheutan;to cause;вызывать;verb;Actions & Movement
aine, aineen;substance;вещество;noun;Basics
aivastaa (1), aivastan;to sneeze;чихать;verb;Health
ajankohta, -kohdan;time / moment;момент, время;noun;Time
ajanvaraus, -varauksen;appointment;запись (к врачу);noun;Health
aski, -n;pack (box);пачка;noun;Media & Technology
assistentti, assistentin;assistant;ассистент;noun;Work & Study
ehtiä (1), ehdin;to have time;успевать;verb;Time
erikseen;separately;отдельно;adverb;Basics
eteenpäin;forward;вперёд;adverb;Actions & Movement
flunssa, -n;flu;простуда;noun;Health
haava, -n;wound;рана;noun;Health
helpottaa (1), helpotan;to relieve;облегчать;verb;Health
henki, hengen;breath / spirit;дыхание;noun;Health
hernekeitto, -keiton;pea soup;гороховый суп;noun;Food & Drink
heti;immediately;сразу;adverb;Time
hiki, hien;sweat;пот;noun;Health
huoltaja, -n;guardian / caretaker;опекун;noun;People
huono olo;feeling unwell;плохое самочувствие;noun phrase;Health
hygienia, -n;hygiene;гигиена;noun;Health
hyönteinen, hyönteisen;insect;насекомое;noun;Nature
hätä, hädän;emergency;чрезвычайная ситуация;noun;Health
hätänumero, -n;emergency number;номер экстренных служб;noun;Health
hätätapaus, -tapauksen;emergency case;экстренный случай;noun;Health
ilmoittautua (1), ilmoittaudun;to register;записываться;verb;Communication
info, -n;information;информация;noun;Communication
IT-tuki, -tuen;IT support;ИТ-поддержка;noun;Shopping & Services
jaksaa (1), jaksan;to have energy;иметь силы;verb;Health
jalka, jalan;leg;нога;noun;Body
jano, -n;thirst;жажда;noun;Health
jatkua (1), se jatkuu;to continue;продолжаться;verb;Time
joka (päivä);every (day);каждый (день);determiner;Time
jonottaa (1), jonotan;to queue;стоять в очереди;verb;Actions & Movement
juotava, -n;drink;напиток;noun;Food & Drink
jää, -n;ice;лёд;noun;Food & Drink
jääpala, -n;ice cube;кубик льда;noun;Food & Drink
kaatua (1), kaadun;to fall;падать;verb;Actions & Movement
kalpea, -n;pale;бледный;adjective;Health
kiireellinen, kiireellisen;urgent;срочный;adjective;Basics
kipeä, -n;sore;больной;adjective;Health
kipu, kivun;pain;боль;noun;Health
kohta;soon;скоро;adverb;Time
kohta, kohdan;point;пункт;noun;Basics
korkea, -n;high;высокий;adjective;Basics
koskea (1), se koskee;to concern;касаться;verb;Basics
kova, -n;hard;твёрдый;adjective;Basics
kuljettaa (1), kuljetan;to transport;перевозить;verb;Actions & Movement
kurkku, kurkun;throat;горло;noun;Body
kurkkukipu, -kivun;sore throat;боль в горле;noun;Health
kuulla (3), kuulen;to hear;слышать;verb;Communication
kuume, kuumeen;fever;температура;noun;Health
kylki, kyljen;side;бок;noun;Body
kärsivällinen, kärsivällisen;patient;терпеливый;adjective;People
käsi, käden;hand;рука;noun;Body
käytävä, -n;corridor;коридор;noun;Places
laastari, -n;plaster;пластырь;noun;Health
lepo, levon;rest;отдых;noun;Health
levätä (4), lepään;to rest;отдыхать;verb;Health
lihas, lihaksen;muscle;мышца;noun;Body
liittyä (1), liittyy + mihin;to relate;относиться;verb;Basics
lisätieto, -tiedot;additional information;дополнительная информация;noun (plural);Communication
lounasaika, -ajan;lunch time;время обеда;noun;Time
lumityöt;snow shoveling;уборка снега;noun (plural);Actions & Movement
luvaton, luvattoman;unauthorized;неразрешённый;adjective;Basics
lyhyesti;briefly;кратко;adverb;Communication
lähete, lähetteen;referral;направление;noun;Health
lääke, lääkkeen;medicine;лекарство;noun;Health
lääkitys, lääkityksen;medication;лечение;noun;Health
lääkäri, -n;doctor;врач;noun;People
maata (4), makaan;to lie down;лежать;verb;Actions & Movement
maha, -n / vatsa, -n;stomach;живот;noun;Body
mukaan, jonkin mukaan;according to;согласно;postposition;Grammar
myöhemmin;later;позже;adverb;Time
nenä, -n;nose;нос;noun;Body
neuvo, -n;advice;совет;noun;Communication
neuvoa (1), neuvon;to advise;советовать;verb;Communication
niistää (1), niistän;to blow (nose);сморкаться;verb;Health
nilkka, nilkan;ankle;лодыжка;noun;Body
niska, -n;neck;шея;noun;Body
nopeasti;quickly;быстро;adverb;Basics
normaali, -n;normal;нормальный;adjective;Basics
nostaa (1), nostan;to lift;поднимать;verb;Actions & Movement
nuha, -n;runny nose;насморк;noun;Health
nuori, nuoren;young;молодой;adjective;People
nälkä, nälän;hunger;голод;noun;Health
närästys, närästyksen;heartburn;изжога;noun;Health
ohi;past;мимо;adverb;Actions & Movement
ohje, ohjeen;instruction;инструкция;noun;Communication
oire, oireen;symptom;симптом;noun;Health
oksennus, oksennuksen;vomit;рвота;noun;Health
oksentaa (1), minua oksentaa;to vomit;тошнить;verb;Health
olo, -n;feeling;самочувствие;noun;Health
ottaa (1), otan vastaan;to receive;принимать;verb phrase;Actions & Movement
pakastepussi, -n;freezer bag;пакет для заморозки;noun;Media & Technology
palvelu, -n;service;услуга;noun;Shopping & Services
peruuttaa (1), peruutan;to cancel;отменять;verb;Shopping & Services
peruutusaika, -ajan;cancellation time;срок отмены;noun;Time
pistää (1), pistän;to sting;колоть;verb;Health
poissa;absent;отсутствующий;adjective/adverb;Basics
poissaolo;absence;отсутствие;noun;Basics
polvi, polven;knee;колено;noun;Body
portaat;stairs;лестница;noun (plural);Places
potilas, potilaan;patient;пациент;noun;People
puhdistaa (1), puhdistan;to clean;очищать;verb;Actions & Movement
pää, -n;head;голова;noun;Body
tunnin päästä;after 1 hour;через (час);postposition/phrase;Time
rakennus, rakennuksen;building;здание;noun;Places
rasvainen, rasvaisen;greasy;жирный;adjective;Food & Drink
resepti, -n;prescription / recipe;рецепт;noun;Health
riittävästi;enough;достаточно;adverb;Basics
ripuli, -n;diarrhea;диарея;noun;Health
ruumiinosat;body parts;части тела;noun (plural);Body
saippua, -n;soap;мыло;noun;Media & Technology
sairas, sairaan;sick;больной;adjective;Health
sairastaa (1), sairastan + P;to be ill;болеть;verb;Health
sairaus, sairauden;illness;болезнь;noun;Health
sairausloma, -n;sick leave;больничный;noun;Work & Study
mihin + sattua (1);where it hurts;где болит;verb phrase;Health
selkä, selän;back;спина;noun;Body
selvitys, selvityksen;explanation;разъяснение;noun;Communication
selvä;clear;ясно;adjective;Basics
seuraavaksi;next;дальше;adverb;Time
sierain, sieraimen;nostril;ноздря;noun;Body
sisään;inside;внутрь;adverb;Actions & Movement
sormi, sormen;finger;палец;noun;Body
surullinen, surullisen;sad;грустный;adjective;Feelings & Opinions
suu, -n;mouth;рот;noun;Body
säilyttää (1), säilytän;to store;хранить;verb;Actions & Movement
särky, säryn;ache;боль;noun;Health
särkylääke, -lääkkeen;painkiller;обезболивающее;noun;Health
tabletti, tabletin;tablet;таблетка;noun;Health
takki, -n;jacket;куртка;noun;Basics
tarkastaa (1), tarkastan;to check;проверять;verb;Actions & Movement
tarkistaa (1), tarkistan;to verify;уточнять;verb;Actions & Movement
tarttua (1) + mihin, tartun;to grab;хватать;verb;Actions & Movement
terveydenhoitaja, -n;nurse;медсестра;noun;People
terveys, terveyden;health;здоровье;noun;Health
terveysasema, -n;health station;поликлиника;noun;Health
terveyskeskus, -keskuksen;health center;медцентр;noun;Health
todistus, todistuksen;certificate;справка;noun;Work & Study
toimisto, -n;office;офис;noun;Places
torjua (1), torjun;to prevent;предотвращать;verb;Actions & Movement
tulehdus, tulehduksen;inflammation;воспаление;noun;Health
tulinen, tulisen;spicy;острый;adjective;Food & Drink
tunnustella (3) + P, tunnustelen;to feel;прощупывать;verb;Health
tuntua (1) + miltä, se tuntuu;to feel;ощущаться;verb;Communication
turvoksissa;swollen;опухший;adjective (predicative);Health
tutkia (1), tutkin;to examine;обследовать;verb;Health
työpaikka, -paikan;workplace;место работы;noun;Work & Study
tärkeä, -n;important;важный;adjective;Basics
G + ulkopuolella;outside;вне;postposition;Grammar
umpisuoli, -suolen;appendix;аппендикс;noun;Body
vaara, -n;danger;опасность;noun;Basics
vaikea, -n;difficult;трудный;adjective;Basics
vaiva, -n;trouble;проблема;noun;Basics
valitettavasti;unfortunately;к сожалению;adverb;Communication
vapaa, -n;free;свободный;adjective;Basics
varmaan;probably;вероятно;adverb;Basics
vastaanottohuone, -huoneen;examination room;кабинет приёма;noun;Health
vatsa, -n / maha, -n;stomach;живот;noun;Body
vatsatauti, -taudin;stomach flu;кишечный грипп;noun;Health
veri, veren;blood;кровь;noun;Body
verikoe, -kokeen;blood test;анализ крови;noun;Health
vihainen, vihaisen;angry;злой;adjective;Feelings & Opinions
voide, voiteen;ointment;мазь;noun;Health
vuotaa (1), vuodan;to leak / bleed;течь;verb;Health
väsyttää (1), minua väsyttää;to feel tired;чувствовать усталость;verb (impersonal);Health
yleinen, yleisen;general / common;общий;adjective;Basics
yskä, -n;cough;кашель;noun;Health
hössöttää;to fuss;суетиться;verb;Actions & Movement
katotaas;let’s see;давай посмотрим;interjection;Communication
kauhean kylmä;extremely cold;очень холодно;adjective phrase;Nature
labra;laboratory;лаборатория;noun (colloquial);Health
niinku;like;типа;discourse particle;Grammar
ootko = oletko;are you;ты …?;verb (colloquial);Grammar
aina;always;всегда;adverb;Time
alas;down;вниз;adverb;Actions & Movement
arkisin;on weekdays;по будням;adverb;Time
arvata (4), arvaan;to guess;угадывать;verb;Communication
asua (1), asun vuokralla;to live (renting);жить (в аренде);verb;Home
asukas, asukkaan;resident;житель;noun;People
avaus, avauksen;opening;открытие;noun;Leisure
ueläin, eläimen;animal;животное;noun;Nature
elää (1), elän;to live;жить;verb;Basics
epärehellinen, -rehellisen;dishonest;нечестный;adjective;People
hakemus, hakemuksen;application;заявление;noun;Work & Study
hengittää (1), hengitän;to breathe;дышать;verb;Health
hermostua (1), hermostun;to get nervous;нервничать;verb;Feelings & Opinions
hermostunut, hermostuneen;nervous;нервный;adjective;Feelings & Opinions
hiljainen, hiljaisen;quiet;тихий;adjective;Basics
huolestunut, huolestuneen;worried;обеспокоенный;adjective;Feelings & Opinions
huoltaa (1), huollan;to service;обслуживать;verb;Actions & Movement
huoltomies, -miehen;maintenance man;мастер;noun;Work & Study
huoltoyhtiö, -n;maintenance company;обслуживающая компания;noun;Shopping & Services
huumorintajuinen, -tajuisen;humorous;с чувством юмора;adjective;People
hymyillä (3), hymyilen;to smile;улыбаться;verb;Feelings & Opinions
hyvännäköinen, -näköisen;good-looking;симпатичный;adjective;People
hätä, hädän;emergency;чрезвычайная ситуация;noun;Health
ilmoitus, ilmoituksen;notice;объявление;noun;Communication
itkeä (1), itken;to cry;плакать;verb;Feelings & Opinions
jalkapallo, -pallon;football;футбол;noun;Leisure
jokin;something;что-то;pronoun;Grammar
kadonnut, kadonneen;lost;потерянный;adjective/participle;Basics
kantaa (1), kannan;to carry;нести;verb;Actions & Movement
kauan;how long;как долго;question adverb;Time
kesämökki, -mökin;summer cottage;дача;noun;Home
kipsi, -n;cast (medical);гипс;noun;Health
kirjallinen, kirjallisen;written;письменный;adjective;Communication
kohtelias, kohteliaan;polite;вежливый;adjective;People
kokous, kokouksen;meeting;собрание;noun;Work & Study
komea, -n;handsome;красивый;adjective;People
G + kuluttua;after;через;postposition;Time
käteinen, käteisen;cash;наличные;noun;Shopping & Services
laiha, -n;thin;худой;adjective;People
lasku, -n;bill;счёт;noun;Shopping & Services
laskutus, laskutuksen;billing;выставление счетов;noun;Shopping & Services
lihava, -n;fat;полный;adjective;People
lisämaksu, -n;extra charge;доплата;noun;Shopping & Services
lomake, lomakkeen;form;бланк;noun;Work & Study
lopettaa (1), lopetan;to stop;прекращать;verb;Actions & Movement
luokse;to (someone);к;postposition;Grammar
luonne, luonteen;character;характер;noun;People
luottaa (1), luotan + mihin;to trust;доверять;verb;Feelings & Opinions
luovuttaa (1), luovutan;to give up / hand over;передавать;verb;Actions & Movement
lupa, luvan;permission;разрешение;noun;Work & Study
maksu, -n;payment;платёж;noun;Shopping & Services
melkein;almost;почти;adverb;Basics
mennä (3) hyvin;to go well;идти хорошо;verb phrase;Basics
mihin;where (to);куда;question word;Grammar
minuutti, minuutin;minute;минута;noun;Time
näyttelijä, -n;actor;актёр;noun;People
ohut, ohuen;thin;тонкий;adjective;People
oikein;correctly / really;правильно / очень;adverb;Basics
olla (3) pahoillaan, olen pahoillani;to be sorry;сожалеть;verb phrase;Feelings & Opinions
olla (3) rikki;to be broken;быть сломанным;verb phrase;Basics
oppia (1), opin;to learn;учиться;verb;Work & Study
ovikello, -n;doorbell;дверной звонок;noun;Home
pakastin, pakastimen;freezer;морозильник;noun;Home
paksu, -n;thick;толстый;adjective;People
parempi;better;лучше;comparative adjective;Basics
pesutupa, -tuvan;laundry room;прачечная;noun;Home
pian;soon;скоро;adverb;Time
piharakennus, -rakennuksen;outbuilding;хозяйственная постройка;noun;Home
pihatyöt;yard work;работа во дворе;noun (plural);Actions & Movement
pitää (1), pidän + mistä;to like;любить, нравиться;verb;Feelings & Opinions
poliisiasema, -aseman;police station;полицейский участок;noun;Places
puhelias, puheliaan;talkative;разговорчивый;adjective;People
punatukkainen, -tukkaisen;red-haired;рыжеволосый;adjective;People
pyytää (1), pyydän anteeksi + lta;to apologize;извиняться;verb;Communication
päivystys, päivystyksen;emergency duty;дежурство;noun;Health
rappukäytävä, -n;stairwell;подъезд;noun;Home
raskas, raskaan;heavy;тяжёлый;adjective;Basics
rauhallinen, rauhallisen;calm;спокойный;adjective;People
rehellinen, rehellisen;honest;честный;adjective;People
remontti, remontin;renovation;ремонт;noun;Home
sisällä;inside;внутри;adverb;Places
G + takia;because of;из-за;postposition;Grammar
taloyhtiö, -n;housing company;ТСЖ / жилищная компания;noun;Home
tarjota (4), tarjoan;to offer;предлагать;verb;Communication
tekstiviesti, -n;text message;СМС;noun;Communication
televisio, -n;television;телевизор;noun;Media & Technology
toivoa (1), toivon;to hope;надеяться;verb;Feelings & Opinions
toivottavasti;hopefully;надеюсь;adverb;Communication
tunti, tunnin;hour;час;noun;Time
tylsä, -n;boring;скучный;adjective;Feelings & Opinions
työharjoittelu, -n;internship;практика;noun;Work & Study
työkalu, -kalun;tool;инструмент;noun;Media & Technology
tähti, tähden;star;звезда;noun;Nature
ujo, -n;shy;застенчивый;adjective;People
unelma, -n;dream;мечта;noun;Feelings & Opinions
unohtaa (1), unohdan;to forget;забывать;verb;Communication
vaarallinen, vaarallisen;dangerous;опасный;adjective;Basics
vahva, -n;strong;сильный;adjective;Basics
vakava, -n;serious;серьёзный;adjective;Basics
valo, -n;light;свет;noun;Basics
varma, -n;sure;уверенный;adjective;Feelings & Opinions
vasta;just / only;только что;adverb;Time
vierekkäin;next to each other;рядом;adverb;Places
viisas, viisaan;wise;мудрый;adjective;People
vika, vian;fault;неисправность;noun;Basics
vikailmoitus, -ilmoituksen;fault report;заявка о неисправности;noun;Home
vuokralainen, vuokralaisen;tenant;арендатор;noun;People
yhtiö, -n;company;компания;noun;Work & Study
ylös;up;вверх;adverb;Actions & Movement
yrittää (1), yritän;to try;пытаться;verb;Actions & Movement
ystävällinen, ystävällisen;friendly;дружелюбный;adjective;People
ähistä (3), ähisen;to pant;пыхтеть;verb;Actions & Movement
älä;don’t;не (повелительное);imperative particle;Grammar
muskari;music play school;музыкальные занятия;noun (colloquial);Leisure
nettivisu;website;сайт;noun (colloquial);Media & Technology
soitetaan;let’s call;позвоним;verb (passive/colloquial);Communication
tuu = tulee;comes;придёт;verb (colloquial);Grammar
aikuiskoulutus, -koulutuksen;adult education;обучение взрослых;noun;Work & Study
ajokortti, -kortin;driver’s license;водительские права;noun;Work & Study
ala, -n;field / area;область;noun;Work & Study
alakoulu, -n;primary school;начальная школа;noun;Work & Study
alempi, alemman;lower;ниже;comparative adjective;Basics
alku, alun;beginning;начало;noun;Time
ammatti, ammatin;profession;профессия;noun;Work & Study
ammattikorkeakoulu, -n;university of applied sciences;прикладной университет;noun;Work & Study
ammattikoulu, -n;vocational school;профессиональное училище;noun;Work & Study
apuraha, -n;scholarship;стипендия, грант;noun;Shopping & Services
arki, arjen;everyday life;повседневная жизнь;noun;Time
asiakaspalvelu, -n;customer service;обслуживание клиентов;noun;Shopping & Services
eläke, eläkkeen;pension;пенсия;noun;Shopping & Services
elämänkumppani, -n;life partner;партнёр по жизни;noun;People
erota (4), eroan + mistä;to resign / separate;увольняться / разводиться;verb;Work & Study
esikoulu, -n;preschool;подготовительная школа;noun;Work & Study
esimies, -miehen;supervisor;начальник;noun;Work & Study
firma, -n;company;фирма;noun;Work & Study
haaveilla (3), haaveilen + mistä;to dream of;мечтать о;verb;Feelings & Opinions
haku, haun;application;подача заявления;noun;Work & Study
hankala, -n;difficult;сложный;adjective;Basics
harmi, -n;pity;жаль;noun/interjection;Feelings & Opinions
haudata (4), hautaan;to bury;хоронить;verb;Actions & Movement
hautajaismaa, -n;cemetery;кладбище;noun;Places
hieno, -n;great / fine;отличный;adjective;Feelings & Opinions
hotelli, -n;hotel;отель;noun;Places
huono, -n;bad;плохой;adjective;Basics
ihailla (3), ihailen;to admire;восхищаться;verb;Feelings & Opinions
ilmestyä (1), ilmestyn;to appear;появляться;verb;Actions & Movement
imuroida (2), imuroin;to vacuum;пылесосить;verb;Home
jäädä (2), jään + mihin;to stay;оставаться;verb;Actions & Movement
katto, katon;roof;крыша;noun;Home
kausi, kauden;season;сезон;noun;Time
kausityö, -n;seasonal work;сезонная работа;noun;Work & Study
kertomus, kertomuksen;story;рассказ;noun;Communication
kesken;unfinished;незаконченный;adjective/adverb;Basics
keski-ikäinen, -ikäisen;middle-aged;средних лет;adjective;People
kesätyö, -n;summer job;летняя работа;noun;Work & Study
kielitaito, -taidon;language skills;знание языков;noun;Work & Study
kiinnostunut, kiinnostuneen + mistä;interested;заинтересованный;adjective/participle;Feelings & Opinions
korkeakoulu, -n;higher education institution;вуз;noun;Work & Study
koulutus, koulutuksen;education;образование;noun;Work & Study
kuljettaja, -n;driver;водитель;noun;Work & Study
kuvitus, kuvituksen;illustration;иллюстрация;noun;Media & Technology
kylä, -n;village;деревня;noun;Places
kypärä, -n;helmet;шлем;noun;Media & Technology
kääntää (1), käännän;to turn / translate;поворачивать / переводить;verb;Actions & Movement
lakikirja, -n;law book;сборник законов;noun;Work & Study
leikata (4), leikkaan;to cut;резать;verb;Actions & Movement
liiketalous, -talouden;business economics;экономика бизнеса;noun;Work & Study
linja-auto, -n;bus;автобус;noun;Transport
liukas, liukkaan;slippery;скользкий;adjective;Basics
lukio, -n;upper secondary school;лицей;noun;Work & Study
lähihoitaja, -n;practical nurse;младший медработник;noun;Work & Study
lääketiede, -tieteen;medicine;медицина;noun;Work & Study
maailmansota, -sodan;world war;мировая война;noun;Basics
maalata (4), maalaan;to paint;рисовать;verb;Leisure
maalla;in the countryside;в деревне;adverb;Places
mahdollisuus, mahdollisuuden;possibility;возможность;noun;Basics
malli, -n;model;модель;noun;Media & Technology
merkki, merkin;sign / brand;знак, марка;noun;Media & Technology
metalli, -n;metal;металл;noun;Media & Technology
mittari, -n;meter;измеритель;noun;Media & Technology
monta;many;много;quantifier;Basics
moottori, -n;engine;двигатель;noun;Media & Technology
mopo, -n;moped;мопед;noun;Transport
muistiinpano, -n;note;заметка;noun;Work & Study
myrsky, -n;storm;буря;noun;Nature
myöhästyä (1), myöhästyn;to be late;опаздывать;verb;Time
määräaikainen, -aikaisen;temporary;временный;adjective;Work & Study
nykyinen, nykyisen;current;текущий;adjective;Time
onneksi;luckily;к счастью;adverb;Feelings & Opinions
onnettomuus, onnettomuuden;accident;авария;noun;Health
opiskelupaikka, -paikan;study place;место учёбы;noun;Work & Study
orkesteri, -n;orchestra;оркестр;noun;Leisure
osa-aikainen, -aikaisen;part-time;неполный рабочий день;adjective;Work & Study
peruskoulu, -n;comprehensive school;общеобразовательная школа;noun;Work & Study
piirustus, piirustuksen;drawing;рисунок;noun;Leisure
poliisi, -n;police;полиция;noun;Work & Study
projekti, -n;project;проект;noun;Work & Study
pysyä (1), pysyn;to stay;оставаться;verb;Actions & Movement
pysähtyä (1), pysähdyn;to stop;останавливаться;verb;Actions & Movement
pyyhkiä (1), pyyhin;to wipe;вытирать;verb;Actions & Movement
rakastua (1), rakastun + mihin;to fall in love;влюбляться;verb;Feelings & Opinions
ratti, ratin;steering wheel;руль;noun;Transport
riittää (1), se riittää;to be enough;хватать;verb;Basics
sairaala, -n;hospital;больница;noun;Health
samanlainen, samanlaisen;similar;похожий;adjective;Basics
siistiä, -n;tidy;аккуратный;adjective;Basics
sopimus, sopimuksen;contract;договор;noun;Work & Study
sota, sodan;war;война;noun;Basics
suoja, -n;protection;защита;noun;Basics
suosittu, suositun;popular;популярный;adjective;People
syntyä (1), synnyn;to be born;рождаться;verb;People
taiteilija, -n;artist;художник;noun;People
tarina, -n;story;история;noun;Communication
tarjoilija, -n;waiter;официант;noun;Work & Study
tarkka, tarkan;precise;точный;adjective;Basics
tarkoittaa (1), tarkoitan + P;to mean;означать;verb;Communication
tehdas, tehtaan;factory;завод;noun;Work & Study
tekniikka, tekniikan;technology;техника;noun;Work & Study
telakka, telakan;dockyard;верфь;noun;Work & Study
tietokoneohjelma, -n;computer program;компьютерная программа;noun;Work & Study
toimeentulo, -n;livelihood;средства к существованию;noun;Shopping & Services
toiminta, toiminnan;activity;деятельность;noun;Work & Study
toissapäivänä;the day before yesterday;позавчера;adverb;Time
tradenomi, -n;business graduate;бакалавр бизнеса;noun;Work & Study
tulipalo, -n;fire;пожар;noun;Health
turva, -n;safety;безопасность;noun;Basics
tutkinto, tutkinnon;degree;диплом;noun;Work & Study
työmaa, -n;construction site;стройка;noun;Work & Study
työskennellä (3), työskentelen;to work;работать;verb;Work & Study
työtön, työttömän;unemployed;безработный;adjective;Work & Study
työvuoro, -n;work shift;рабочая смена;noun;Work & Study
ulkomailla;abroad;за границей;adverb;Places
ura, -n;career;карьера;noun;Work & Study
vaihde, vaihteen;gear;передача;noun;Transport
vakituinen, vakituisen;permanent;постоянный;adjective;Work & Study
valmistua (1), valmistun + miksi;to graduate;оканчивать учебу;verb;Work & Study
vanhus, vanhuksen;elderly person;пожилой человек;noun;People
vapaa-aika, -ajan;free time;свободное время;noun;Time
vastuu, -n;responsibility;ответственность;noun;Work & Study
verkkokurssi, -n;online course;онлайн-курс;noun;Work & Study
verkkosivut;website;веб-сайт;noun (plural);Media & Technology
viettaa (1), vietän;to spend (time);проводить (время);verb;Time
viihtyä (1), viihdyn;to enjoy oneself;чувствовать себя комфортно;verb;Feelings & Opinions
virhe, virheen;mistake;ошибка;noun;Basics
vuorotyö, -n;shift work;сменная работа;noun;Work & Study
värjätä (4), värjään;to dye;красить;verb;Actions & Movement
yksinäinen, yksinäisen;lonely;одинокий;adjective;Feelings & Opinions
ylempi, ylemmän;higher;выше;adjective;Basics
yliopisto, -opiston;university;университет;noun;Work & Study
ylioppilas, -oppilaan;upper secondary graduate;выпускник лицея;noun;People
yllättäen;unexpectedly;неожиданно;adverb;Time
yläkoulu, -n;lower secondary school;средняя школа;noun;Work & Study
yritys, yrityksen;company;предприятие;noun;Work & Study
äänetön, äänettömän;silent;бесшумный;adjective;Basics
ääni, äänen;voice;голос;noun;Communication
dekkari;crime novel;детектив;noun;Leisure
hiljaa;slowly;медленно;adverb;Basics
hirveä, -n;awful;ужасный;adjective;Feelings & Opinions
kuski, -n;driver;водитель;noun;People
telkkari, -n;television;телевизор;noun;Media & Technology
aluksi;at first;сначала;adverb;Time
alumiininen, alumiinisen;aluminum;алюминиевый;adjective;Media & Technology
astia, -n;container / dish;посуда, ёмкость;noun;Home
bongata (4), bongaan;to spot;замечать;verb;Actions & Movement
esitellä (3), esittelen;to present;представлять;verb;Communication
grillata (4), grillaan;to grill;жарить на гриле;verb;Food & Drink
hakata (4), hakkaan;to chop / beat;рубить / бить;verb;Actions & Movement
hiiri, hiiren;mouse;мышь;noun;Nature
hippa, hipan;tag (game);салочки;noun;Leisure
hitaasti;slowly;медленно;adverb;Basics
hyttynen, hyttysen;mosquito;комар;noun;Nature
juokseva, -n;running (water);текущий;adjective;Basics
jännittää (1), minua jännittää;to feel nervous;волноваться;verb;Feelings & Opinions
jättää (1), jätän;to leave;оставлять;verb;Actions & Movement
kaataa (1), kaadan;to pour / knock down;лить / валить;verb;Actions & Movement
karhu, -n;bear;медведь;noun;Nature
kasvaa (1), kasvan;to grow;расти;verb;Nature
kasvi, -n;plant;растение;noun;Nature
kasvisruoka, -ruoan;vegetarian food;вегетарианская еда;noun;Food & Drink
kertoa (1), kerron;to tell;рассказывать;verb;Communication
kerätä (4), kerään;to collect;собирать;verb;Actions & Movement
kestää (1), se kestää;to last;длиться;verb;Time
kesämökki, -mökin;summer cottage;дача;noun;Places
kieltää (1), kiellän;to forbid;запрещать;verb;Communication
kiikarit;binoculars;бинокль;noun (plural);Media & Technology
kivi, kiven;stone;камень;noun;Nature
kone, koneen;machine;машина;noun;Media & Technology
koskaan, ei koskaan;never;никогда;adverb;Time
Kreikka, Kreikan;Greece;Греция;proper noun;Places
kunto, kunnon;condition;форма, состояние;noun;Health
laskea (1), lasken;to count / lower;считать / опускать;verb;Actions & Movement
leikki, leikin;game / play;игра;noun;Leisure
liikkua (1), liikun;to move;двигаться;verb;Actions & Movement
lintu, linnun;bird;птица;noun;Nature
lisää;more;ещё;adverb;Basics
luku, luvun;number;число;noun;Basics
luonto, luonnon;nature;природа;noun;Nature
maisema, -n;landscape;пейзаж;noun;Nature
maja, -n;hut;шалаш;noun;Places
marja, -n;berry;ягода;noun;Food & Drink
meri, meren;sea;море;noun;Nature
metsä, -n;forest;лес;noun;Nature
metsästää (1), metsästän;to hunt;охотиться;verb;Nature
mielestä;in one’s opinion;по мнению;adverb;Communication
mustikka, mustikan;blueberry;черника;noun;Food & Drink
myöntää (1), myönnän;to admit;признавать;verb;Communication
märkä, märän;wet;мокрый;adjective;Basics
mökki, mökin;cottage;домик;noun;Places
naula, -n;nail;гвоздь;noun;Media & Technology
nykyään;nowadays;в наше время;adverb;Time
oikeastaan;actually;на самом деле;adverb;Basics
oikeus, oikeuden;right;право;noun;Basics
onkia (1), ongin;to fish (with rod);ловить рыбу;verb;Leisure
orava, -n;squirrel;белка;noun;Nature
ottaa (1), otan kiinni;to catch;поймать;verb;Actions & Movement
pelottaa (1), minua pelottaa;to be afraid;бояться;verb;Feelings & Opinions
pelto, pellon;field;поле;noun;Nature
peruste, perusteen;basis;основание;noun;Basics
peseytyä (1), peseydytään;to wash oneself;мыться;verb;Health
piilo, -n;hide-and-seek;прятки;noun;Leisure
piirtää (1), piirrän;to draw;рисовать;verb;Leisure
pikkupoika, -pojan;little boy;мальчик;noun;People
poimia (1), poimin;to pick;собирать;verb;Actions & Movement
päästä;to get (to);добраться;verb;Actions & Movement
rauha, -n;peace;мир;noun;Feelings & Opinions
rauta, raudan;iron;железо;noun;Media & Technology
rautakauppa, -kaupan;hardware store;строительный магазин;noun;Places
rento, rennon;relaxed;расслабленный;adjective;Feelings & Opinions
rentoutua (1), rentoudun;to relax;расслабляться;verb;Feelings & Opinions
rikkoa (1), rikon;to break;ломать;verb;Actions & Movement
romu, -n;scrap;хлам;noun;Media & Technology
roskata (4), roskaan;to litter;мусорить;verb;Actions & Movement
ruuhka, -n;traffic jam;пробка;noun;Transport
sahata (4), sahaan;to saw;пилить;verb;Actions & Movement
sanomalehti, -lehden;newspaper;газета;noun;Media & Technology
siirtää (1), siirrän;to move;перемещать;verb;Actions & Movement
stressaava, -n;stressful;стрессовый;adjective;Feelings & Opinions
susi, suden;wolf;волк;noun;Nature
sähkölaite, -laitteen;electrical device;электроприбор;noun;Media & Technology
säveltää (1), sävellän;to compose (music);сочинять;verb;Leisure
takuu, -n;guarantee;гарантия;noun;Work & Study
tapahtuma, -n;event;событие;noun;Leisure
tarkistus, tarkistuksen;inspection;проверка;noun;Work & Study
terassi, -n;terrace;терраса;noun;Home
tikkaat;ladders;лестница;noun (plural);Media & Technology
tilapäinen, tilapäisen;temporary;временный;adjective;Basics
tiskata (4), tiskaan;to do dishes;мыть посуду;verb;Home
tuli, tulen;fire;огонь;noun;Nature
tuliaiset;souvenirs;гостинцы;noun (plural);Leisure
työmatka, -n;commute;дорога на работу;noun;Work & Study
täynnä;full;полный;adjective;Basics
uudestaan;again;снова;adverb;Time
vahingoittaa (1), vahingoitan;to damage;повреждать;verb;Actions & Movement
valkoviini, -n;white wine;белое вино;noun;Food & Drink
varustettu, varustetun;equipped;оборудованный;adjective;Basics
vene, veneen;boat;лодка;noun;Transport
veneillä (3), veneilen;to go boating;кататься на лодке;verb;Leisure
vesisota, -sodan;water fight;водяная битва;noun;Leisure
ympäristö, -n;environment;окружающая среда;noun;Nature
ympäristöministeriö, -n;ministry of environment;министерство экологии;noun;Basics
yöpyä (1), yövyn;to stay overnight;ночевать;verb;Actions & Movement
aika = melko;quite;довольно;adverb;Basics
hevi;heavy metal;хэви-метал;noun;Leisure
ilma;weather;погода;noun;Nature
matsi;match;матч;noun;Leisure
moikata (4), moikkaan;to say hi;поприветствовать;verb;Communication
pari;couple / about two;пара;noun;Basics
rosvo;robber;грабитель;noun;People
G + aikana;during;во время;postposition;Grammar
alkometri, -n;breathalyzer;алкотестер;noun;Health
alue, alueen;area;район, территория;noun;Places
ambulanssi, -n;ambulance;скорая помощь;noun;Health
ei kukaan, ei kenenkään;nobody;никто;pronoun phrase;Grammar
erinomainen, erinomaisen;excellent;отличный;adjective;Basics
haistaa (1), haistan;to smell;чувствовать запах;verb;Communication
henkilöauto, -n;passenger car;легковой автомобиль;noun;Transport
hälyttää (1), hälytän;to alert;вызывать (службы);verb;Health
jatkaa (1), jatkan;to continue;продолжать;verb;Actions & Movement
jos;if;если;conjunction;Grammar
kahvinkeitin, -keittimen;coffee maker;кофеварка;noun;Home
keskussairaala, -n;central hospital;центральная больница;noun;Health
korvaus, korvauksen;compensation;компенсация;noun;Shopping & Services
kotitehtävä, -n;homework;домашнее задание;noun;Work & Study
kovin, ei kovin;very / not very;очень / не очень;adverb;Basics
kun;when;когда;conjunction;Grammar
kutsua (1), kutsun paikalle;to call (someone over);вызвать;verb;Communication
käskeä (1), käsken;to order;приказывать;verb;Communication
lainata (4), lainaan;to borrow;брать взаймы;verb;Shopping & Services
nolievä, -n;mild;лёгкий;adjective;Health
liikenne, liikenteen;traffic;движение;noun;Transport
lompakko, lompakon;wallet;кошелёк;noun;Media & Technology
lopulta;finally;в конце концов;adverb;Time
loukkaantua (1), loukkaannun;to get injured;получить травму;verb;Health
moottoritie, -n;motorway;автомагистраль;noun;Transport
murtua (1), murrun;to break (bone);сломаться;verb;Health
ohjata (4), ohjaan;to direct;направлять;verb;Actions & Movement
oja, -n;ditch;канава;noun;Nature
onnellinen, onnellisen;happy;счастливый;adjective;Feelings & Opinions
onnettomuus, onnettomuuden;accident;авария;noun;Health
osa, -n;part;часть;noun;Basics
ottaa (1), otan yhteyttä;to contact;связаться;verb phrase;Communication
palo, -n;fire;пожар;noun;Health
palokunta, -kunnan;fire brigade;пожарная служба;noun;Health
palomies, -miehen;firefighter;пожарный;noun;Work & Study
palovaroitin, -varoittimen;smoke detector;пожарный извещатель;noun;Health
peli, -n;game;игра;noun;Leisure
poro, -n;reindeer;северный олень;noun;Nature
puhaltaa (1), puhallan;to blow;дуть;verb;Actions & Movement
risteys, risteyksen;intersection;перекрёсток;noun;Transport
saari, saaren;island;остров;noun;Nature
salama, -n;lightning;молния;noun;Nature
sammuttaa (1), sammutan;to extinguish;тушить;verb;Health
savu, -n;smoke;дым;noun;Health
selittää (1), selitän;to explain;объяснять;verb;Communication
sinne;there;туда;adverb;Places
sulkea (1), suljen;to close;закрывать;verb;Actions & Movement
syttyä (1), sytyn;to catch fire;загореться;verb;Health
sytyttää (1), sytytän;to ignite;поджигать;verb;Health
tajuton, tajuttoman;unconscious;без сознания;adjective;Health
terve, terveen;healthy;здоровый;adjective;Health
tilanne, tilanteen;situation;ситуация;noun;Basics
tuho, -n;destruction;разрушение;noun;Health
tuhota (4), tuhoan;to destroy;уничтожать;verb;Actions & Movement
tulipalo, -n;fire (incident);пожар;noun;Health
turvallinen, turvallisen;safe;безопасный;adjective;Health
tyytyväinen, tyytyväisen;satisfied;довольный;adjective;Feelings & Opinions
urheilu, -n;sport;спорт;noun;Leisure
uutinen, uutisen;news;новость;noun;Media & Technology
vaatimus, vaatimuksen;demand;требование;noun;Communication
vahinko, vahingon;damage / accident;ущерб;noun;Health
vaihtua (1);to change;меняться;verb;Actions & Movement
vaikeuttaa (1), vaikeutan;to make difficult;усложнять;verb;Actions & Movement
valitus, valituksen;complaint;жалоба;noun;Communication
vamma, -n;injury;травма;noun;Health
varastaa (1), varastan;to steal;воровать;verb;Actions & Movement
vastaus, vastauksen;answer;ответ;noun;Communication
vesihana, -n;water tap;кран;noun;Home
voimakas, voimakkaan;strong;сильный;adjective;Basics
voittaa (1), voitan;to win;побеждать;verb;Leisure
kolari, -n;traffic accident;ДТП;noun;Transport
treffit, treffien;date / meeting;свидание, встреча;noun (plural);Family & Relationships